District,Thana
Dhaka,Azimpur Thana
Dhaka,Dhamrai Upazila
Dhaka,Dhanmondi Thana
Dhaka,Gulshan Thana
Dhaka,Kafrul Thana
Dhaka,Khilgaon Thana
Dhaka,Mirpur Thana
Dhaka,Mohakhali Thana
Dhaka,New Market Thana
Barguna,Amtali Thana
Barguna,Bamna Thana
Barguna,Betagi Thana
Barguna,Patharghata Thana
Barguna,Taltali Thana
Barishal,Agoiljhara Thana
Barishal,Babuganj Thana
Barishal,Bakerganj Thana
Barishal,Banaripara Thana
Barishal,Gouranadi Thana
Barishal,Hizla Thana
Barishal,Mehendiganj Thana
Barishal,Muladi Thana
Barishal,Uzirpur Thana
Bhola,Bhola Sadar Thana
Bhola,Borhanuddin Thana
Bhola,Charfassion Thana
Bhola,Daulatkhan Thana
Bhola,Lalmohan Thana
Bhola,Monpura Thana
Bhola,Tazumuddin Thana
Chittagong,Akhaura Thana
Chittagong,Ashuganj Thana
Chittagong,Bancharampur Thana
Chittagong,B.Baria Thana
Chittagong,Brahmanbaria Thana
Chittagong,Cox's Bazar Thana
Chittagong,Feni Thana
Chittagong,Kamalnagar Thana
Chittagong,Laksham Thana
Chittagong,Mirsharai Thana
Chittagong,Patiya Thana
Chittagong,Rangamati Thana
Chittagong,Satkania Thana
Chittagong,Sylhet Thana
Chittagong,Ukhia Thana
Chittagong,Chandpur Sadar Thana
Chittagong,Noakhali Sadar Thana
Chittagong,Ramganj Thana
Chittagong,Sonaimuri Thana
Chittagong,Teknaf Thana
Chittagong,Comilla Sadar Thana
Chittagong,Chandina Thana
Chittagong,Daudkandi Thana
Chittagong,Faridganj Thana
Chittagong,Laksam Thana
Chittagong,Munshiganj Thana
Chittagong,Nangalkot Thana
Chittagong,Sarail Thana
Chittagong,Sirajganj Thana
Chittagong,Chandpur Sadar Thana
Chittagong,Noakhali Sadar Thana
Chittagong,Ramganj Thana
Chittagong,Sonaimuri Thana
Chittagong,Teknaf Thana
Chittagong,Comilla Sadar Thana
Chittagong,Chandina Thana
Chittagong,Daudkandi Thana
Chittagong,Faridganj Thana
Chittagong,Laksam Thana
Chittagong,Munshiganj Thana
Chittagong,Nangalkot Thana
Chittagong,Sarail Thana
Chittagong,Sirajganj Thana
Chittagong,Chandpur Sadar Thana
Chittagong,Noakhali Sadar Thana
Chittagong,Ramganj Thana
Chittagong,Sonaimuri Thana
Chittagong,Teknaf Thana
Chittagong,Comilla Sadar Thana
Chittagong,Chandina Thana
Chittagong,Daudkandi Thana
Chittagong,Faridganj Thana
Chittagong,Laksam Thana
Chittagong,Munshiganj Thana
Chittagong,Nangalkot Thana
Chittagong,Sarail Thana
Chittagong,Sirajganj Thana
Chittagong,Chandpur Sadar Thana
Chittagong,Noakhali Sadar Thana
Chittagong,Ramganj Thana
Chittagong,Sonaimuri Thana
Chittagong,Teknaf Thana
Chittagong,Comilla Sadar Thana
Chittagong,Chandina Thana
Chittagong,Daudkandi Thana
Chittagong,Faridganj Thana
Chittagong,Laksam Thana
Chittagong,Munshiganj Thana
Chittagong,Nangalkot Thana
Chittagong,Sarail Thana
Chittagong,Sirajganj Thana
Chittagong,Chandpur Sadar Thana
Chittagong,Noakhali Sadar Thana
Chittagong,Ramganj Thana
Chittagong,Sonaimuri Thana
Chittagong,Teknaf Thana
Chittagong,Comilla Sadar Thana
Chittagong,Chandina Thana
Chittagong,Daudkandi Thana
Chittagong,Faridganj Thana
Chittagong,Laksam Thana
Chittagong,Munshiganj Thana
Chittagong,Nangalkot Thana
Chittagong,Sarail Thana
Chittagong,Sirajganj Thana
Chittagong,Chandpur Sadar Thana
Chittagong,Noakhali Sadar Thana
Chittagong,Ramganj Thana
Chittagong,Sonaimuri Thana
Chittagong,Teknaf Thana
Chittagong,Comilla Sadar Thana
Chittagong,Chandina Thana
Chittagong,Daudkandi Thana
Chittagong,Faridganj Thana
Chittagong,Laksam Thana
Chittagong,Munshiganj Thana
Chittagong,Nangalkot Thana
Chittagong,Sarail Thana
Chittagong,Sirajganj Thana
Chittagong,Chandpur Sadar Thana
Chittagong,Noakhali Sadar Thana
Chittagong,Ramganj Thana
Chittagong,Sonaimuri Thana
Chittagong,Teknaf Thana
Chittagong,Comilla Sadar Thana
Chittagong,Chandina Thana
Chittagong,Daudkandi Thana
Chittagong,Faridganj Thana
Chittagong,Laksam Thana
Chittagong,Munshiganj Thana
Chittagong,Nangalkot Thana
Chittagong,Sarail Thana
Chittagong,Sirajganj Thana
Chittagong,Chandpur Sadar Thana
Chittagong,Noakhali Sadar Thana
Chittagong,Ramganj Thana
Chittagong,Sonaimuri Thana
Chittagong,Teknaf Thana
Chittagong,Comilla Sadar Thana
Chittagong,Chandina Thana
Chittagong,Daudkandi Thana
Chittagong,Faridganj Thana
Chittagong,Laksam Thana
Chittagong,Munshiganj Thana
Chittagong,Nangalkot Thana
Chittagong,Sarail Thana
Chittagong,Sirajganj Thana
Chittagong,Chandpur Sadar Thana
Chittagong,Noakhali Sadar Thana
Chittagong,Ramganj Thana
Chittagong,Sonaimuri Thana
Chittagong,Teknaf Thana
Chittagong,Comilla Sadar Thana
Chittagong,Chandina Thana
Chittagong,Daudkandi Thana
Chittagong,Faridganj Thana
Chittagong,Laksam Thana
Chittagong,Munshiganj Thana
Chittagong,Nangalkot Thana